{"centers": [162.62127678213858, 85.27634459036898], "distance": 5416727.514280016, "time": 281.6365749835968}